id,name,picture,email,email_verified,created_at,updated_at,auth0_sub
13831369-7106-7229-5275-066231634409,Melodie,http://dummyimage.com/249x100.png/5fa2dd/ffffff,mivanchin0@issuu.com,false,2025-03-16 22:13:14,2024-09-07 02:00:01,google-oauth2|754121146362085110102
79727150-0807-5542-4870-055637923233,Derk,http://dummyimage.com/236x100.png/cc0000/ffffff,dtumielli1@dell.com,false,2024-11-10 19:45:18,2024-10-11 12:44:50,google-oauth2|969926279036666150821
13846255-5951-4726-0822-557939645181,Innis,http://dummyimage.com/224x100.png/5fa2dd/ffffff,ieykelhof2@japanpost.jp,false,2025-03-10 05:20:14,2024-07-22 16:39:12,google-oauth2|166762941471673793989
11899020-5807-1351-1868-989227760894,Hogan,http://dummyimage.com/112x100.png/ff4444/ffffff,hmillican3@tripod.com,false,2025-01-16 13:16:32,2025-04-10 20:48:12,google-oauth2|675425296292361620670
43519157-9338-9390-0416-099298720409,Bailey,http://dummyimage.com/241x100.png/5fa2dd/ffffff,burwen4@infoseek.co.jp,false,2024-12-07 07:52:13,2024-05-05 13:43:22,google-oauth2|105280297599114780735
16993254-1464-4420-9009-827151177454,Toby,http://dummyimage.com/186x100.png/5fa2dd/ffffff,tpedron5@cisco.com,false,2025-04-21 02:28:31,2024-07-18 01:55:27,google-oauth2|338188025115376344024
47573971-1164-2266-6787-088066461503,Ricoriki,http://dummyimage.com/201x100.png/dddddd/000000,rmclewd6@nba.com,false,2025-04-20 04:54:26,2024-12-10 13:11:43,google-oauth2|555308993122818013281
14237598-3839-1029-8946-099313182307,Roseanna,http://dummyimage.com/190x100.png/5fa2dd/ffffff,rridett7@wikipedia.org,false,2024-12-13 09:01:52,2024-05-04 18:26:42,google-oauth2|405634421044410530488
35910308-5330-7452-3704-977058184258,Jesse,http://dummyimage.com/200x100.png/cc0000/ffffff,jmoland8@washington.edu,false,2024-06-09 17:25:07,2024-11-24 02:36:32,google-oauth2|980562746209381519007
89210701-4687-6759-6326-971175066874,Agretha,http://dummyimage.com/155x100.png/ff4444/ffffff,aculcheth9@answers.com,true,2024-05-30 13:57:33,2025-01-18 20:48:37,google-oauth2|496911506846117876978
71006651-6304-7492-4415-710205520643,Aubrey,http://dummyimage.com/228x100.png/dddddd/000000,akezora@geocities.jp,false,2025-02-27 17:36:41,2025-03-01 09:33:38,google-oauth2|612029222311583511594
83811675-4943-1003-3577-024783480637,Hyacinthia,http://dummyimage.com/228x100.png/cc0000/ffffff,hlongfordb@latimes.com,false,2024-07-17 23:21:37,2024-06-15 01:11:20,google-oauth2|820243873718641765710
82935001-0555-8803-4416-261295503617,Hasheem,http://dummyimage.com/145x100.png/cc0000/ffffff,haskemc@cmu.edu,true,2024-08-01 08:39:30,2025-01-22 00:52:49,google-oauth2|016599496723357048968
53425037-8100-5804-5098-936665139157,Odelia,http://dummyimage.com/102x100.png/dddddd/000000,olightond@cbslocal.com,true,2024-07-02 00:35:03,2024-11-03 20:49:29,google-oauth2|101195855511594424858
67978539-9213-1025-3498-762801189533,Maura,http://dummyimage.com/155x100.png/ff4444/ffffff,mmendozae@infoseek.co.jp,true,2025-04-03 15:13:14,2024-08-16 19:58:39,google-oauth2|099603165043015080514
76548739-7435-3694-0232-981461966083,Ilaire,http://dummyimage.com/132x100.png/cc0000/ffffff,isnapf@networksolutions.com,true,2025-03-16 18:37:13,2025-01-07 17:19:31,google-oauth2|111899689623125064444
73467421-8298-6244-6579-926292004147,Falito,http://dummyimage.com/210x100.png/cc0000/ffffff,fmacnabg@wordpress.org,true,2024-12-02 23:58:46,2024-07-15 11:03:53,google-oauth2|548418030473569249889
03249642-1338-5096-7336-779426104146,Lindsay,http://dummyimage.com/219x100.png/dddddd/000000,lilewiczh@mtv.com,false,2024-05-25 05:49:10,2025-03-06 10:00:07,google-oauth2|237918143329370608763
87267514-2167-3754-2954-013316294061,Marchall,http://dummyimage.com/244x100.png/cc0000/ffffff,mrotherti@columbia.edu,false,2025-02-02 21:07:07,2025-03-21 20:48:14,google-oauth2|320783985703611039754
05139480-1181-1644-1236-980832793818,Elaine,http://dummyimage.com/174x100.png/ff4444/ffffff,egrundonj@constantcontact.com,true,2024-09-17 06:06:34,2025-02-24 19:37:04,google-oauth2|445747332662833227541
91708695-4387-6692-5160-001357593693,Maury,http://dummyimage.com/129x100.png/5fa2dd/ffffff,mmoneyk@dyndns.org,false,2024-07-18 12:30:25,2025-05-01 19:56:08,google-oauth2|981000202111782706374
66003526-8730-2094-5480-529824975562,Francyne,http://dummyimage.com/150x100.png/5fa2dd/ffffff,fyeardleyl@wp.com,false,2024-08-23 13:26:17,2024-11-25 01:03:48,google-oauth2|173712834145959932183
72767462-9233-5604-9542-162063564674,Dory,http://dummyimage.com/178x100.png/cc0000/ffffff,dstirleym@ycombinator.com,false,2024-06-05 19:17:17,2024-12-01 04:38:50,google-oauth2|049348333300534667187
67826086-4503-7632-3584-672054168544,Tuesday,http://dummyimage.com/219x100.png/5fa2dd/ffffff,tpauleitn@usatoday.com,false,2024-09-20 16:43:34,2024-07-01 08:35:02,google-oauth2|865518647522731751281
72517096-2135-4331-8539-009195714506,Mikkel,http://dummyimage.com/102x100.png/cc0000/ffffff,mjanowskio@biblegateway.com,false,2024-12-15 00:58:04,2025-02-28 01:19:09,google-oauth2|576131274568611750069
63081906-8904-1720-8155-859167901316,Dew,http://dummyimage.com/148x100.png/dddddd/000000,dprettip@reverbnation.com,false,2025-02-16 15:24:03,2024-05-31 07:11:43,google-oauth2|302126471614333540482
56852282-6247-4155-9763-415510495377,Devondra,http://dummyimage.com/216x100.png/ff4444/ffffff,dklimkinq@google.com.au,true,2024-10-01 16:04:53,2024-12-27 23:44:15,google-oauth2|432941396100340668725
25526355-9510-4309-9302-866548817802,Timofei,http://dummyimage.com/238x100.png/cc0000/ffffff,tkarper@mtv.com,true,2024-06-16 03:12:37,2024-10-07 01:15:02,google-oauth2|517148618847265663689
73794337-9735-6471-4969-869626251386,Bryna,http://dummyimage.com/125x100.png/cc0000/ffffff,bberesfores@tripod.com,false,2024-10-04 16:14:15,2025-01-04 10:53:55,google-oauth2|739855111178988929988
82635699-3661-2713-1704-879466240848,Doralynne,http://dummyimage.com/161x100.png/5fa2dd/ffffff,dmcduallt@blogtalkradio.com,true,2024-09-13 12:40:08,2024-05-26 10:22:59,google-oauth2|436446436724610938423
86986226-8773-7972-4674-401676200404,Dukey,http://dummyimage.com/148x100.png/dddddd/000000,ddayneu@oracle.com,true,2024-10-26 02:44:06,2025-02-09 06:58:10,google-oauth2|680335204729363954319
72772778-5727-0177-4354-565430885283,Wolfgang,http://dummyimage.com/154x100.png/ff4444/ffffff,wohagirtiev@columbia.edu,false,2025-04-21 13:22:56,2024-12-11 05:44:38,google-oauth2|423620630725955201148
41857943-4463-5828-7199-277323445588,Seana,http://dummyimage.com/159x100.png/5fa2dd/ffffff,sjouhningw@phoca.cz,false,2024-06-23 17:08:07,2024-12-19 12:27:31,google-oauth2|959644476396167379314
55755047-9200-5787-7857-436593141048,Skyler,http://dummyimage.com/157x100.png/ff4444/ffffff,smcdillx@ning.com,false,2025-02-16 00:50:43,2024-11-16 19:39:31,google-oauth2|076242198155953329131
70404697-6179-9571-3807-707408434931,Cyb,http://dummyimage.com/239x100.png/cc0000/ffffff,cbrinsfordy@yelp.com,false,2025-03-24 16:34:24,2025-04-17 23:27:43,google-oauth2|946742683137936961359
27090185-9202-7428-8965-028963257191,Jocelyne,http://dummyimage.com/122x100.png/dddddd/000000,jrylstonez@home.pl,true,2024-10-25 10:02:00,2024-07-13 17:56:45,google-oauth2|927601759651630350860
71630657-9046-5134-9706-783859376786,Cecilio,http://dummyimage.com/113x100.png/cc0000/ffffff,cheaford10@shareasale.com,false,2025-03-08 23:33:24,2024-11-24 10:29:54,google-oauth2|992289279384047108532
77285156-8793-5168-1695-468546849915,Melisse,http://dummyimage.com/105x100.png/cc0000/ffffff,mbosse11@earthlink.net,false,2024-12-05 14:10:09,2024-11-12 08:04:15,google-oauth2|252011370094058648972
64297703-0934-5948-4668-367394036683,Anita,http://dummyimage.com/134x100.png/ff4444/ffffff,anisard12@yahoo.co.jp,false,2024-08-26 23:10:35,2025-02-21 07:49:51,google-oauth2|730949440596787139093
67886054-3848-2964-4502-789891228657,Leonore,http://dummyimage.com/244x100.png/cc0000/ffffff,lhessel13@usgs.gov,true,2024-07-13 05:27:55,2024-12-25 12:11:01,google-oauth2|856543164087957537791
30961350-0651-1477-6993-733032415962,Rebekkah,http://dummyimage.com/213x100.png/5fa2dd/ffffff,rllop14@slideshare.net,false,2024-06-06 04:13:40,2024-08-13 10:10:15,google-oauth2|421855292232093640616
13465828-8942-8707-7426-573481253653,Linn,http://dummyimage.com/230x100.png/5fa2dd/ffffff,lfozard15@mayoclinic.com,false,2024-10-24 06:20:15,2025-02-18 09:21:06,google-oauth2|895879362022168090521
43605278-7635-6419-3821-969611981839,Leticia,http://dummyimage.com/145x100.png/5fa2dd/ffffff,lwenban16@histats.com,false,2024-11-16 01:25:47,2025-01-31 10:35:58,google-oauth2|802031521680952477807
01151739-5471-5081-3435-198117797980,Teena,http://dummyimage.com/224x100.png/ff4444/ffffff,tsnoxall17@scientificamerican.com,false,2025-04-29 21:34:33,2025-02-05 15:19:20,google-oauth2|801112344276508695186
20653487-5820-7177-1447-238186337452,Care,http://dummyimage.com/215x100.png/cc0000/ffffff,cjanson18@springer.com,false,2025-02-16 05:14:38,2024-07-16 02:08:49,google-oauth2|294665621434948450518
10526968-7652-5992-1038-460139791906,Andrey,http://dummyimage.com/188x100.png/cc0000/ffffff,ahaine19@ezinearticles.com,false,2025-01-15 05:41:06,2024-09-23 10:29:39,google-oauth2|958817431950429150225
31041078-5779-5320-1566-457054772399,Harman,http://dummyimage.com/172x100.png/5fa2dd/ffffff,hcharlo1a@angelfire.com,false,2025-03-03 04:42:47,2024-08-22 02:10:28,google-oauth2|658313820512364493984
44986474-0694-0356-5831-942411501851,Dyann,http://dummyimage.com/157x100.png/dddddd/000000,dbehr1b@purevolume.com,false,2024-07-24 06:11:20,2025-01-06 20:21:36,google-oauth2|689393743783109904649
45757201-8308-3292-5574-794608496207,Esteban,http://dummyimage.com/188x100.png/cc0000/ffffff,eferne1c@mashable.com,true,2025-04-05 19:06:17,2024-10-31 18:18:12,google-oauth2|867144369523824437611
99052518-3219-2405-1859-128141388499,Amandi,http://dummyimage.com/241x100.png/cc0000/ffffff,akidgell1d@naver.com,true,2024-07-16 22:32:14,2024-12-07 13:24:09,google-oauth2|398492674808325241901
